[
  {
    "id": 1,
    "title": "Cyberpunk 2077",
    "price": "Rp 15.000",
    "image": "assets/img/games/cyberpunk-2077.jpg",
    "category": "Action RPG",
    "downloadUrl": "https://fitgirl-repacks.site/cyberpunk-2077/"
  },
  {
    "id": 2,
    "title": "Elden Ring",
    "price": "Rp 12.000",
    "image": "assets/img/games/elden-ring.jpg",
    "category": "Souls-like",
    "downloadUrl": "https://fitgirl-repacks.site/elden-ring/"
  },
  {
    "id": 3,
    "title": "GTA V: Premium Edition",
    "price": "Rp 10.000",
    "image": "assets/img/games/gta-v.jpg",
    "category": "Open World",
    "downloadUrl": "https://fitgirl-repacks.site/grand-theft-auto-v/"
  },
  {
    "id": 4,
    "title": "Red Dead Redemption 2",
    "price": "Rp 15.000",
    "image": "assets/img/games/rdr2.jpg",
    "category": "Adventure",
    "downloadUrl": "https://fitgirl-repacks.site/red-dead-redemption-2/"
  }
]